id,first_name,last_name,email,gender,ip_address
1,Ernaline,Dahlberg,edahlberg0@nba.com,Non-binary,146.132.128.144
2,Rawley,Beverstock,rbeverstock1@nbcnews.com,Genderqueer,224.245.193.220
3,Pippa,Ottawell,pottawell2@umn.edu,Female,98.103.126.197
4,Arlyne,Rushbrook,arushbrook3@moonfruit.com,Female,251.168.64.178
5,Pearce,Lowle,plowle4@barnesandnoble.com,Male,64.128.134.199
6,Sawyer,Ossenna,sossenna5@nifty.com,Male,179.211.48.92
7,Terry,Veltman,tveltman6@hao123.com,Non-binary,130.152.11.96
8,Ilka,Secombe,isecombe7@eventbrite.com,Female,198.23.92.108
9,Dela,Ousby,dousby8@biblegateway.com,Female,123.168.223.161
10,Olympia,Borzone,oborzone9@wp.com,Female,82.138.190.65
11,Nicole,Braithwaite,nbraithwaitea@amazon.co.jp,Female,237.181.3.239
12,Melinda,Gatward,mgatwardb@freewebs.com,Genderfluid,228.20.125.94
13,Koenraad,Bosomworth,kbosomworthc@symantec.com,Male,175.69.203.233
14,Durward,Nertney,dnertneyd@myspace.com,Male,6.68.192.231
15,Warren,Skpsey,wskpseye@kickstarter.com,Male,121.116.252.150
16,Filmore,Sanbroke,fsanbrokef@bbc.co.uk,Male,151.28.232.137
17,Ethelyn,Duckett,educkettg@infoseek.co.jp,Female,173.172.230.182
18,Storm,Ludy,sludyh@google.co.uk,Female,185.90.211.94
19,Orlan,Bauser,obauseri@sourceforge.net,Genderqueer,189.58.36.208
20,Jake,Gregolotti,jgregolottij@intel.com,Male,39.229.252.5
21,Archy,Closs,aclossk@cpanel.net,Male,58.68.16.12
22,Beniamino,Razoux,brazouxl@liveinternet.ru,Male,254.176.66.47
23,Kalil,Peatt,kpeattm@1und1.de,Male,93.215.171.116
24,Rania,Ivashinnikov,rivashinnikovn@tripadvisor.com,Female,41.157.94.166
25,Ardella,Ponte,aponteo@unicef.org,Female,138.73.142.111
26,Nicolis,McPolin,nmcpolinp@about.com,Male,155.223.150.179
27,Henrieta,Greasty,hgreastyq@weather.com,Female,66.206.36.6
28,Wye,Belvard,wbelvardr@live.com,Male,61.96.51.147
29,Terrill,MacKibbon,tmackibbons@fotki.com,Genderfluid,7.66.31.134
30,Robinson,Rosewell,rrosewellt@t-online.de,Male,220.106.233.2
31,Worthy,Grayston,wgraystonu@yahoo.com,Genderfluid,246.83.56.100
32,Andi,Dmitrichenko,admitrichenkov@google.nl,Female,14.26.210.8
33,Aylmer,MacFayden,amacfaydenw@google.co.uk,Male,248.225.0.97
34,Dyanna,Leadbetter,dleadbetterx@oakley.com,Genderqueer,183.40.173.215
35,Patrica,Linnit,plinnity@skype.com,Female,72.10.150.230
36,Em,Versey,everseyz@flickr.com,Male,68.8.132.243
37,Delmer,Deackes,ddeackes10@adobe.com,Male,233.109.19.13
38,Andy,Goseling,agoseling11@istockphoto.com,Male,169.70.110.109
39,Barnett,Baxandall,bbaxandall12@linkedin.com,Male,170.133.215.53
40,Giselbert,Reece,greece13@mozilla.org,Genderqueer,106.249.247.147
41,Lynnett,McDavitt,lmcdavitt14@nationalgeographic.com,Female,154.171.139.66
42,Crysta,Dimitriades,cdimitriades15@google.de,Female,116.222.254.234
43,Gifford,Mealing,gmealing16@ucoz.ru,Male,180.108.226.106
44,Renae,Penn,rpenn17@mlb.com,Female,13.176.62.46
45,Jessika,Bennetts,jbennetts18@epa.gov,Female,122.234.88.188
46,Hansiain,Szantho,hszantho19@ezinearticles.com,Polygender,59.214.81.142
47,Wolfgang,Babe,wbabe1a@wordpress.com,Male,57.51.202.14
48,Erhart,Charrette,echarrette1b@wordpress.com,Male,202.0.172.35
49,Maye,Ellingworth,mellingworth1c@goo.gl,Female,79.82.225.110
50,Krista,Trass,ktrass1d@wordpress.com,Female,246.242.47.173
51,Lenard,Casbolt,lcasbolt1e@bizjournals.com,Male,214.130.118.119
52,Gabrielle,Shilburne,gshilburne1f@freewebs.com,Bigender,224.86.219.251
53,Cullen,Brizland,cbrizland1g@toplist.cz,Male,137.69.25.68
54,Filip,Abbe,fabbe1h@t.co,Male,70.175.191.175
55,Aluin,Breeton,abreeton1i@163.com,Male,225.152.10.140
56,Guntar,Windebank,gwindebank1j@infoseek.co.jp,Male,185.82.223.226
57,Rodge,De Beneditti,rdebeneditti1k@comcast.net,Male,149.75.158.200
58,Rois,Yeatman,ryeatman1l@google.ru,Female,243.190.17.137
59,Vanny,Jeannesson,vjeannesson1m@cbslocal.com,Female,52.74.244.181
60,Brice,Slinn,bslinn1n@marriott.com,Male,15.137.17.143
61,Marline,Jobson,mjobson1o@meetup.com,Female,169.197.180.213
62,Dodi,Carlin,dcarlin1p@amazon.co.uk,Female,157.252.38.152
63,Barton,Kolakowski,bkolakowski1q@vk.com,Male,189.227.148.195
64,Gan,Arnaudon,garnaudon1r@biglobe.ne.jp,Genderqueer,10.167.149.157
65,Roslyn,Jamrowicz,rjamrowicz1s@thetimes.co.uk,Female,188.204.187.171
66,Celestine,Stovold,cstovold1t@ucsd.edu,Female,106.141.88.149
67,Nikoletta,Pleass,npleass1u@soundcloud.com,Female,60.219.255.240
68,Ag,Raynes,araynes1v@scientificamerican.com,Female,250.6.76.195
69,Roddy,Minico,rminico1w@domainmarket.com,Male,168.189.59.254
70,Wally,Brickett,wbrickett1x@redcross.org,Male,64.117.248.129
71,Farly,Bricklebank,fbricklebank1y@imdb.com,Genderqueer,14.191.178.16
72,Aliza,Flynn,aflynn1z@whitehouse.gov,Bigender,167.18.82.20
73,Modesty,Strond,mstrond20@barnesandnoble.com,Female,42.213.209.52
74,Jemimah,Durnian,jdurnian21@4shared.com,Female,236.40.71.241
75,Wendye,Debling,wdebling22@gov.uk,Genderqueer,222.236.247.45
76,Roddy,Von Oertzen,rvonoertzen23@hubpages.com,Male,136.144.189.16
77,Anissa,Rodden,arodden24@about.me,Female,186.16.209.97
78,Charyl,Shinfield,cshinfield25@slate.com,Female,54.233.4.202
79,Jackquelin,Butlin,jbutlin26@rediff.com,Female,16.97.233.98
80,Cy,Andreia,candreia27@imageshack.us,Male,228.143.7.203
81,Lynette,Caen,lcaen28@google.com.br,Female,154.175.202.118
82,Demetria,Gamwell,dgamwell29@people.com.cn,Genderqueer,204.151.204.108
83,Irving,Saye,isaye2a@alibaba.com,Polygender,148.18.72.190
84,Zebadiah,Conant,zconant2b@hibu.com,Male,147.61.186.117
85,Ferguson,Sember,fsember2c@ifeng.com,Polygender,103.172.91.234
86,Rodrigo,Wiper,rwiper2d@hostgator.com,Non-binary,178.31.60.230
87,Erny,Spratt,espratt2e@cnet.com,Male,119.49.107.200
88,Charyl,Ionn,cionn2f@tripadvisor.com,Female,189.203.102.16
89,Randi,Rosberg,rrosberg2g@theglobeandmail.com,Male,43.86.86.127
90,Stefania,Abbati,sabbati2h@prlog.org,Female,99.236.12.145
91,Estelle,Bills,ebills2i@arstechnica.com,Female,246.194.239.254
92,Loralee,McShirie,lmcshirie2j@sina.com.cn,Female,133.170.12.134
93,Jerrie,Dagnall,jdagnall2k@nbcnews.com,Male,37.60.47.235
94,Hazel,Devonish,hdevonish2l@toplist.cz,Female,242.209.58.230
95,Deana,Stitson,dstitson2m@harvard.edu,Female,241.159.219.142
96,Umeko,Fochs,ufochs2n@eventbrite.com,Female,88.224.227.76
97,Poppy,Hake,phake2o@tripadvisor.com,Female,131.231.176.205
98,Marilee,Hartwright,mhartwright2p@admin.ch,Non-binary,222.25.173.64
99,Adair,McDonogh,amcdonogh2q@macromedia.com,Male,86.242.54.209
100,Rorke,Curthoys,rcurthoys2r@meetup.com,Male,88.41.173.0
101,Catie,Giovanni,cgiovanni2s@senate.gov,Female,151.80.131.6
102,Jobye,Feronet,jferonet2t@nymag.com,Female,173.213.44.246
103,Thalia,Mengo,tmengo2u@washingtonpost.com,Female,66.197.170.20
104,Cristy,Kummerlowe,ckummerlowe2v@live.com,Female,216.112.64.34
105,Ora,Byass,obyass2w@redcross.org,Female,101.157.176.72
106,Hollyanne,Sailor,hsailor2x@senate.gov,Female,55.154.238.32
107,Errick,Tuke,etuke2y@zdnet.com,Male,73.174.153.180
108,Jeff,Earley,jearley2z@ning.com,Male,197.22.107.185
109,Vaughan,Struthers,vstruthers30@msu.edu,Male,28.115.222.152
110,Benedetta,Scarce,bscarce31@usgs.gov,Female,133.41.108.249
111,Griff,Willford,gwillford32@noaa.gov,Male,44.107.69.2
112,Claudio,Frizell,cfrizell33@dyndns.org,Genderfluid,161.45.201.108
113,Whitby,McCaughen,wmccaughen34@mlb.com,Male,226.28.182.64
114,Noach,Wellesley,nwellesley35@sourceforge.net,Male,168.178.174.7
115,Sandi,Le Franc,slefranc36@cargocollective.com,Female,113.93.32.115
116,Paolo,Newcome,pnewcome37@stanford.edu,Male,172.225.35.25
117,Loy,Lau,llau38@mozilla.org,Male,188.87.245.186
118,Rodrigo,Freear,rfreear39@fda.gov,Polygender,227.44.60.87
119,Atlanta,Ickov,aickov3a@symantec.com,Female,239.175.166.106
120,Glendon,Kisbee,gkisbee3b@mashable.com,Male,69.16.176.92
121,Kelci,Grisbrook,kgrisbrook3c@yolasite.com,Female,68.140.200.182
122,Gibbie,Sevier,gsevier3d@gnu.org,Male,81.33.40.61
123,Carroll,Raeside,craeside3e@oracle.com,Male,165.251.80.102
124,Lilia,Hempshall,lhempshall3f@time.com,Female,218.212.74.216
125,Tasia,Brahms,tbrahms3g@dailymail.co.uk,Female,67.35.21.140
126,Porty,Eykel,peykel3h@delicious.com,Male,5.23.20.3
127,Nels,Senton,nsenton3i@posterous.com,Male,53.193.26.7
128,Lucias,Minards,lminards3j@vistaprint.com,Male,45.94.159.205
129,Christi,Willmont,cwillmont3k@auda.org.au,Genderfluid,25.65.140.70
130,Ede,Trevett,etrevett3l@list-manage.com,Bigender,249.160.53.240
131,Doug,Beggan,dbeggan3m@imgur.com,Male,245.255.250.83
132,Jessi,Togher,jtogher3n@example.com,Female,195.190.221.43
133,Silvie,Spykins,sspykins3o@bandcamp.com,Agender,205.145.79.121
134,Kilian,Wilkes,kwilkes3p@nbcnews.com,Male,198.221.15.116
135,Bonita,Pleasance,bpleasance3q@cpanel.net,Female,172.111.104.252
136,Clare,Curado,ccurado3r@blogspot.com,Male,208.129.81.131
137,Leonelle,Ivanenko,livanenko3s@artisteer.com,Female,121.158.90.222
138,Dorisa,Bathurst,dbathurst3t@elegantthemes.com,Female,89.143.167.84
139,Glendon,McCrudden,gmccrudden3u@si.edu,Male,206.210.64.147
140,Noemi,Murt,nmurt3v@blinklist.com,Female,5.235.214.64
141,Nollie,Denyukhin,ndenyukhin3w@nature.com,Female,118.213.153.114
142,Thomas,Shuttle,tshuttle3x@engadget.com,Male,240.13.175.245
143,Griselda,Seelbach,gseelbach3y@newsvine.com,Female,115.168.255.77
144,Woodie,Kynston,wkynston3z@barnesandnoble.com,Bigender,64.226.249.95
145,Row,Cayzer,rcayzer40@walmart.com,Female,197.129.149.185
146,Milo,Packer,mpacker41@bravesites.com,Male,229.102.63.219
147,Ethelred,Crumly,ecrumly42@imgur.com,Male,83.43.188.151
148,Tamas,Donovan,tdonovan43@ox.ac.uk,Male,148.241.232.153
149,Whitney,Havis,whavis44@livejournal.com,Male,19.89.46.7
150,Madelin,Castillo,mcastillo45@scribd.com,Female,77.56.237.213
151,Gabe,Weedenburg,gweedenburg46@oaic.gov.au,Male,132.98.84.5
152,Claribel,Sleeman,csleeman47@wired.com,Female,244.252.104.204
153,Dore,Downgate,ddowngate48@globo.com,Male,173.243.205.50
154,Gottfried,Frowd,gfrowd49@smh.com.au,Male,24.104.130.194
155,Korella,Moules,kmoules4a@un.org,Female,235.42.151.204
156,Vincents,Baptist,vbaptist4b@nps.gov,Male,74.193.10.219
157,Diahann,Philson,dphilson4c@delicious.com,Female,162.248.71.34
158,Aluino,Miguel,amiguel4d@go.com,Male,139.106.54.206
159,Barbette,Halston,bhalston4e@homestead.com,Female,22.48.223.235
160,Verine,Wohlers,vwohlers4f@mapy.cz,Female,228.239.235.69
161,Anton,Tille,atille4g@accuweather.com,Male,103.203.41.77
162,Andre,Corkett,acorkett4h@home.pl,Bigender,248.24.134.164
163,Syd,Lobbe,slobbe4i@is.gd,Male,94.136.39.250
164,Hanan,Looney,hlooney4j@opensource.org,Polygender,167.192.65.180
165,Cory,Kabsch,ckabsch4k@elegantthemes.com,Male,70.207.2.101
166,Sada,Burtt,sburtt4l@phpbb.com,Female,122.85.227.234
167,Shanan,Gligorijevic,sgligorijevic4m@elegantthemes.com,Male,86.120.247.17
168,Emmet,Yakushkin,eyakushkin4n@unicef.org,Male,177.247.77.251
169,Alejandrina,Paulson,apaulson4o@technorati.com,Female,50.83.220.194
170,Minerva,Pickwell,mpickwell4p@wunderground.com,Female,105.26.48.198
171,Tammy,Mellmoth,tmellmoth4q@comsenz.com,Female,167.52.24.244
172,Dulcinea,Durdle,ddurdle4r@google.de,Female,248.142.10.228
173,Moses,Dowry,mdowry4s@ifeng.com,Male,23.142.247.153
174,Auberta,Lorincz,alorincz4t@tinypic.com,Female,114.49.197.253
175,Marietta,Frye,mfrye4u@yellowpages.com,Male,150.95.208.19
176,Rob,Eytel,reytel4v@ask.com,Male,110.72.21.138
177,Far,Hearle,fhearle4w@plala.or.jp,Male,231.241.99.82
178,Adrian,Manktelow,amanktelow4x@sbwire.com,Male,30.66.87.253
179,Penny,Stewart,pstewart4y@networksolutions.com,Female,147.2.190.37
180,Merry,Freathy,mfreathy4z@businesswire.com,Female,93.48.221.47
181,Sidney,Kemwal,skemwal50@people.com.cn,Male,121.175.204.51
182,Domingo,Chifney,dchifney51@cbc.ca,Male,54.41.150.248
183,Ambrosio,Kleinstern,akleinstern52@pagesperso-orange.fr,Male,211.6.140.3
184,Hillard,Creegan,hcreegan53@list-manage.com,Male,62.60.223.169
185,Giselbert,Wylie,gwylie54@csmonitor.com,Male,21.242.253.102
186,Irvine,Lease,ilease55@google.it,Male,186.72.108.78
187,Kaleena,Paike,kpaike56@cloudflare.com,Female,199.200.4.111
188,Brittni,Eckford,beckford57@digg.com,Female,26.173.15.54
189,Florian,Dorie,fdorie58@bandcamp.com,Male,22.83.253.152
190,Delora,Mullin,dmullin59@wikipedia.org,Female,187.102.16.152
191,Meade,Garaway,mgaraway5a@imgur.com,Male,69.63.116.201
192,Raynor,Binion,rbinion5b@squarespace.com,Male,122.211.232.251
193,Rochelle,Doyley,rdoyley5c@hubpages.com,Female,39.170.24.85
194,Renard,Stoffels,rstoffels5d@mozilla.org,Male,13.68.197.195
195,Candide,Strass,cstrass5e@artisteer.com,Female,141.244.64.197
196,Brigitta,Cranshaw,bcranshaw5f@mediafire.com,Female,127.207.137.11
197,Lynnea,Halshaw,lhalshaw5g@ibm.com,Female,104.251.47.133
198,Cora,Stredwick,cstredwick5h@timesonline.co.uk,Female,117.117.159.99
199,Renae,Tunnacliffe,rtunnacliffe5i@netlog.com,Genderqueer,183.155.87.86
200,Elisabeth,Annetts,eannetts5j@nifty.com,Female,70.58.27.236
201,Helenka,Serrier,hserrier5k@google.com,Female,52.51.96.162
202,Abner,Skitt,askitt5l@digg.com,Male,60.36.24.205
203,Pet,Pinke,ppinke5m@e-recht24.de,Female,6.211.70.207
204,Beauregard,Loud,bloud5n@samsung.com,Male,74.112.173.47
205,Benedicto,Hankins,bhankins5o@comsenz.com,Male,1.117.201.181
206,Diane-marie,Restieaux,drestieaux5p@nih.gov,Female,169.87.224.239
207,Maurice,Klimentyev,mklimentyev5q@blog.com,Agender,189.98.72.103
208,Wallache,Feehery,wfeehery5r@hubpages.com,Male,27.121.50.173
209,Ronny,Lillo,rlillo5s@dyndns.org,Male,102.249.0.138
210,Alisander,Inchbald,ainchbald5t@netlog.com,Male,210.196.142.19
211,Emilio,Haugen,ehaugen5u@devhub.com,Male,46.15.28.121
212,Christy,Denniss,cdenniss5v@upenn.edu,Male,191.46.214.209
213,Carlita,Laughnan,claughnan5w@chron.com,Female,110.104.100.142
214,Hardy,Dufaire,hdufaire5x@usa.gov,Male,171.182.86.153
215,Vladimir,Meanwell,vmeanwell5y@arstechnica.com,Male,184.93.73.237
216,Glen,Johanssen,gjohanssen5z@nbcnews.com,Male,7.183.103.107
217,Del,Dallow,ddallow60@de.vu,Male,209.70.66.154
218,Joell,Denney,jdenney61@networksolutions.com,Female,181.8.102.188
219,Dasya,Bordman,dbordman62@zdnet.com,Female,254.79.148.155
220,Eadmund,Shale,eshale63@addthis.com,Male,244.26.250.114
221,Flynn,Lester,flester64@slideshare.net,Male,208.65.0.74
222,Robinette,Skittreal,rskittreal65@usa.gov,Female,248.152.147.249
223,Jonell,Copozio,jcopozio66@vk.com,Female,149.30.27.45
224,Nannie,Omar,nomar67@reference.com,Female,131.124.114.238
225,Leah,Bruton,lbruton68@lulu.com,Female,76.104.124.29
226,Eloisa,Nial,enial69@goo.ne.jp,Female,160.60.246.62
227,Yovonnda,Conneely,yconneely6a@4shared.com,Bigender,95.164.128.152
228,Mersey,Pohl,mpohl6b@wunderground.com,Female,197.174.197.10
229,Mikkel,Dahlman,mdahlman6c@usgs.gov,Non-binary,105.110.7.18
230,Cello,Dilley,cdilley6d@quantcast.com,Male,180.119.191.132
231,Pasquale,Burgum,pburgum6e@walmart.com,Male,195.72.30.23
232,Yettie,Langhorne,ylanghorne6f@foxnews.com,Female,134.50.196.156
233,Huntington,Close,hclose6g@biblegateway.com,Male,57.2.73.100
234,Caitlin,Rouf,crouf6h@indiegogo.com,Female,233.103.166.0
235,Cele,Trahearn,ctrahearn6i@dot.gov,Female,180.160.40.251
236,Madeline,Warder,mwarder6j@tiny.cc,Female,120.3.186.183
237,Katerina,Kimmince,kkimmince6k@reverbnation.com,Female,249.36.205.75
238,Randolf,Gussin,rgussin6l@japanpost.jp,Male,105.14.233.248
239,Mendel,Pedracci,mpedracci6m@twitter.com,Male,36.69.200.190
240,Vernice,Imlock,vimlock6n@plala.or.jp,Female,23.62.113.107
241,Ladonna,Vesco,lvesco6o@youtube.com,Female,97.109.106.13
242,Jeramey,Glide,jglide6p@mashable.com,Male,138.238.143.17
243,Niccolo,Towey,ntowey6q@4shared.com,Male,239.172.184.182
244,Mateo,Scamadine,mscamadine6r@desdev.cn,Male,179.112.34.176
245,Britt,Curl,bcurl6s@opensource.org,Female,249.133.185.68
246,Ryun,Stratiff,rstratiff6t@sfgate.com,Male,220.38.116.196
247,Barbaraanne,Vedekhov,bvedekhov6u@soundcloud.com,Female,225.116.179.136
248,Lauralee,Blindermann,lblindermann6v@sakura.ne.jp,Female,95.12.77.42
249,Julina,Carvil,jcarvil6w@shinystat.com,Female,226.182.198.48
250,Charyl,Chapell,cchapell6x@bloomberg.com,Female,32.188.12.142
251,Lilly,Grealey,lgrealey6y@senate.gov,Female,133.4.11.13
252,Lorens,Pougher,lpougher6z@nhs.uk,Male,19.177.13.7
253,Arda,Tremmil,atremmil70@forbes.com,Female,227.173.103.164
254,Sammy,Osbiston,sosbiston71@msn.com,Male,80.164.250.58
255,Lonnie,Baumert,lbaumert72@livejournal.com,Male,32.226.176.45
256,Demetris,Backwell,dbackwell73@google.fr,Male,136.22.70.86
257,Hadley,Quipp,hquipp74@cargocollective.com,Agender,48.151.74.131
258,Sibylle,Caldaro,scaldaro75@bloglovin.com,Female,255.198.40.170
259,Koenraad,Mellem,kmellem76@free.fr,Male,130.146.20.143
260,Rochell,Detheridge,rdetheridge77@nbcnews.com,Female,35.236.243.230
261,Austin,Jaquet,ajaquet78@berkeley.edu,Male,156.26.48.117
262,Florian,Reames,freames79@soup.io,Male,134.149.220.98
263,Waldo,Kubec,wkubec7a@trellian.com,Male,141.1.199.184
264,Jefferey,Wincom,jwincom7b@sourceforge.net,Male,135.250.60.220
265,Wheeler,McBryde,wmcbryde7c@e-recht24.de,Male,80.242.185.158
266,Maddy,Melladew,mmelladew7d@netscape.com,Female,139.139.102.26
267,Alyssa,Boich,aboich7e@aol.com,Female,212.140.231.182
268,Bridgette,Ropcke,bropcke7f@meetup.com,Female,117.93.94.93
269,Buddy,Duval,bduval7g@house.gov,Male,2.248.32.0
270,Kit,Pinckstone,kpinckstone7h@java.com,Female,21.246.27.150
271,Phillida,Tejero,ptejero7i@vinaora.com,Female,91.110.207.73
272,Iona,Haslam,ihaslam7j@mapquest.com,Female,35.32.132.172
273,Anselm,Rearie,arearie7k@umich.edu,Male,27.146.169.221
274,Damiano,Langran,dlangran7l@buzzfeed.com,Male,200.104.145.155
275,Lonny,Gyford,lgyford7m@skype.com,Male,68.9.150.249
276,Marylinda,Ibel,mibel7n@reference.com,Female,249.238.34.43
277,Rois,Keigher,rkeigher7o@goo.gl,Female,121.32.90.33
278,Webb,Farquhar,wfarquhar7p@goo.gl,Male,245.151.235.211
279,Batholomew,Giggs,bgiggs7q@webmd.com,Male,75.19.164.145
280,Gabrielle,Luney,gluney7r@whitehouse.gov,Female,35.120.103.138
281,Nanice,Cotterell,ncotterell7s@thetimes.co.uk,Female,178.161.88.48
282,Ambros,Sudell,asudell7t@dailymail.co.uk,Male,56.199.97.148
283,Teresa,Bonnette,tbonnette7u@networksolutions.com,Female,238.246.16.66
284,Jo,O'Moylan,jomoylan7v@zdnet.com,Male,181.79.178.5
285,Winny,Dearman,wdearman7w@boston.com,Male,178.152.8.104
286,Giffy,Teodori,gteodori7x@wikimedia.org,Male,165.2.70.229
287,Alane,Pomphrett,apomphrett7y@tiny.cc,Female,171.39.224.154
288,Dani,Gaye,dgaye7z@china.com.cn,Female,4.167.189.43
289,Aldrich,Renbold,arenbold80@aol.com,Male,205.115.222.171
290,Iona,Gley,igley81@fema.gov,Bigender,197.131.203.100
291,Blayne,Rounce,brounce82@drupal.org,Male,249.152.103.33
292,Ashlan,Verick,averick83@dailymotion.com,Female,252.124.52.30
293,Wendi,Pottie,wpottie84@comcast.net,Female,110.197.166.198
294,Clevey,Fazzioli,cfazzioli85@hexun.com,Polygender,229.18.52.165
295,Vivyanne,Schult,vschult86@usgs.gov,Bigender,203.122.23.188
296,Marie-ann,Giametti,mgiametti87@china.com.cn,Female,64.127.159.212
297,Jourdain,Smidmore,jsmidmore88@vinaora.com,Male,145.183.146.159
298,Nollie,Soaper,nsoaper89@simplemachines.org,Male,5.225.52.20
299,Hercules,Stroton,hstroton8a@ameblo.jp,Male,66.92.162.100
300,Reggis,Straker,rstraker8b@1und1.de,Male,137.252.109.25
301,Husein,Byrkmyr,hbyrkmyr8c@java.com,Male,71.56.204.229
302,Bunni,Nathon,bnathon8d@instagram.com,Female,220.226.41.176
303,D'arcy,Marrable,dmarrable8e@npr.org,Genderqueer,152.183.41.215
304,Pernell,Ruvel,pruvel8f@webeden.co.uk,Male,116.49.117.126
305,Belva,Wrought,bwrought8g@ocn.ne.jp,Female,70.222.226.117
306,Welby,Gatman,wgatman8h@msu.edu,Male,159.211.129.121
307,Jelene,Willcox,jwillcox8i@nymag.com,Agender,242.4.78.91
308,Laina,Dugald,ldugald8j@ft.com,Female,32.150.54.178
309,Christoper,Mudd,cmudd8k@vimeo.com,Male,73.156.117.175
310,Marshal,Ambroziak,mambroziak8l@blogspot.com,Male,5.22.71.76
311,Angela,Binstead,abinstead8m@earthlink.net,Female,102.86.111.86
312,Tallie,Ellit,tellit8n@bandcamp.com,Polygender,146.168.237.47
313,Wright,Peat,wpeat8o@cdbaby.com,Male,168.210.126.239
314,Mickie,Boate,mboate8p@themeforest.net,Female,2.69.14.138
315,Anne,Binley,abinley8q@ted.com,Female,186.143.29.8
316,Cassandry,Mansbridge,cmansbridge8r@sun.com,Female,142.249.100.171
317,Fifine,Schimon,fschimon8s@shutterfly.com,Female,120.112.52.32
318,Susann,Cursons,scursons8t@opera.com,Female,209.225.238.14
319,Wilhelmina,Balloch,wballoch8u@netvibes.com,Female,210.236.251.24
320,Charlotta,Revelle,crevelle8v@constantcontact.com,Female,162.166.243.167
321,Marylee,Jorgesen,mjorgesen8w@pagesperso-orange.fr,Female,30.47.109.199
322,Rae,Morrel,rmorrel8x@tinyurl.com,Agender,166.206.88.87
323,Timmy,Silverstone,tsilverstone8y@goodreads.com,Female,160.85.22.155
324,Bordie,Stagg,bstagg8z@timesonline.co.uk,Male,182.152.70.32
325,Araldo,Benzies,abenzies90@biglobe.ne.jp,Male,4.133.247.203
326,Corri,Tailby,ctailby91@php.net,Female,1.21.196.241
327,Seamus,Pierrepont,spierrepont92@ucoz.com,Male,172.157.106.6
328,Kass,Domnin,kdomnin93@sun.com,Female,198.177.121.253
329,Noel,Snel,nsnel94@techcrunch.com,Female,159.104.205.125
330,Cal,Jeanin,cjeanin95@cdbaby.com,Female,197.175.252.106
331,Flo,Attride,fattride96@gnu.org,Female,85.93.203.242
332,Cecilius,Domoney,cdomoney97@epa.gov,Male,178.29.117.108
333,Silvana,Jillions,sjillions98@surveymonkey.com,Female,246.106.250.175
334,Gustave,Capper,gcapper99@ifeng.com,Male,33.195.22.210
335,Sig,Colles,scolles9a@apache.org,Male,43.22.150.125
336,Elke,Stebbins,estebbins9b@berkeley.edu,Female,163.0.145.162
337,Kayla,Glusby,kglusby9c@ovh.net,Female,193.82.212.81
338,Karin,Tender,ktender9d@google.it,Female,183.157.83.126
339,Ario,Upjohn,aupjohn9e@istockphoto.com,Male,227.210.234.232
340,Ingra,Clempton,iclempton9f@chicagotribune.com,Male,30.105.5.62
341,Abbott,Vairow,avairow9g@ucoz.ru,Male,207.185.21.127
342,Obediah,Sedman,osedman9h@comcast.net,Male,250.119.179.79
343,Philbert,Carlos,pcarlos9i@independent.co.uk,Male,26.91.70.192
344,Janka,Jaukovic,jjaukovic9j@mashable.com,Female,100.189.67.121
345,Maximo,Portch,mportch9k@huffingtonpost.com,Male,10.60.253.206
346,Augy,Glasheen,aglasheen9l@devhub.com,Male,54.3.84.202
347,Aluino,Twaits,atwaits9m@fema.gov,Male,121.6.2.112
348,Lynelle,Chaddock,lchaddock9n@omniture.com,Bigender,106.50.57.73
349,Melosa,Hammersley,mhammersley9o@posterous.com,Female,190.131.2.234
350,Flory,Cotman,fcotman9p@salon.com,Female,199.55.89.230
351,Cecilia,Hasser,chasser9q@cnn.com,Female,32.108.106.30
352,Kinnie,Camblin,kcamblin9r@51.la,Male,193.165.8.222
353,Olenka,Bettley,obettley9s@discuz.net,Female,14.205.217.139
354,Zarla,Ruperti,zruperti9t@soundcloud.com,Female,212.45.191.249
355,Helga,Vern,hvern9u@mysql.com,Female,189.63.62.253
356,Juli,Buckhurst,jbuckhurst9v@bravesites.com,Genderfluid,226.52.33.122
357,Corenda,Blencoe,cblencoe9w@washington.edu,Female,138.197.8.198
358,Del,Buxam,dbuxam9x@weibo.com,Female,129.21.92.195
359,Gordie,Eltone,geltone9y@google.it,Agender,4.76.222.53
360,Gannie,Redgate,gredgate9z@scientificamerican.com,Male,208.2.65.200
361,Cathleen,Moncur,cmoncura0@networkadvertising.org,Polygender,20.141.94.247
362,Stafford,Ivashev,sivasheva1@typepad.com,Male,185.27.191.147
363,Gale,Matyushenko,gmatyushenkoa2@smh.com.au,Polygender,166.81.227.202
364,Corinna,Buntin,cbuntina3@jugem.jp,Female,124.136.239.171
365,Thomasin,Pyson,tpysona4@xing.com,Female,212.55.239.248
366,Ginnie,Sayward,gsaywarda5@fastcompany.com,Genderfluid,3.227.162.54
367,Reed,Olivo,rolivoa6@cisco.com,Male,175.95.182.140
368,Odell,Casebourne,ocasebournea7@nature.com,Male,84.190.43.30
369,Tiena,Prinn,tprinna8@nydailynews.com,Female,224.188.144.53
370,Jimmy,Bineham,jbinehama9@imdb.com,Male,49.189.108.123
371,Tiebout,MacInerney,tmacinerneyaa@icq.com,Male,120.206.41.43
372,Liuka,Fleming,lflemingab@amazon.de,Female,235.99.136.180
373,Barthel,Pilger,bpilgerac@amazon.de,Male,46.78.39.173
374,Miguel,Stanton,mstantonad@guardian.co.uk,Male,139.214.19.133
375,Belvia,Webb-Bowen,bwebbbowenae@nih.gov,Female,148.7.89.99
376,Ashby,Bullion,abullionaf@harvard.edu,Male,96.134.7.115
377,Kimball,De Lascy,kdelascyag@cocolog-nifty.com,Male,53.188.44.253
378,Stevana,Wanek,swanekah@issuu.com,Female,16.253.169.192
379,Tyson,Lawie,tlawieai@naver.com,Agender,212.50.79.9
380,Caryl,Deignan,cdeignanaj@zdnet.com,Male,134.26.168.32
381,Arliene,Cohn,acohnak@cbsnews.com,Female,60.44.210.233
382,Catharine,Rockall,crockallal@princeton.edu,Female,211.13.37.208
383,Chadwick,Orpwood,corpwoodam@dyndns.org,Bigender,34.193.0.178
384,Sayers,Gibbin,sgibbinan@geocities.jp,Male,198.146.212.153
385,Kellyann,Faircley,kfaircleyao@stanford.edu,Female,127.245.1.128
386,Ana,Gately,agatelyap@princeton.edu,Female,71.64.224.233
387,Sholom,Bartolomeoni,sbartolomeoniaq@simplemachines.org,Male,150.53.88.7
388,Izaak,Standrin,istandrinar@salon.com,Male,178.37.88.43
389,Lanna,Fazackerley,lfazackerleyas@elegantthemes.com,Female,133.126.150.250
390,Linell,Vanner,lvannerat@tmall.com,Female,97.88.231.180
391,Timothee,Higgoe,thiggoeau@buzzfeed.com,Male,64.28.150.200
392,De witt,Caslett,dcaslettav@hugedomains.com,Male,2.92.72.9
393,Andres,Innocenti,ainnocentiaw@exblog.jp,Male,16.126.7.94
394,Norrie,Branthwaite,nbranthwaiteax@1und1.de,Male,86.87.54.252
395,Kristin,Civitillo,kcivitilloay@bbb.org,Female,210.184.160.146
396,Marietta,Fenny,mfennyaz@tumblr.com,Bigender,250.220.74.169
397,Niccolo,Budgey,nbudgeyb0@xing.com,Male,220.201.145.163
398,Charity,Tull,ctullb1@wiley.com,Female,107.171.188.206
399,Tressa,Winterbourne,twinterbourneb2@businessweek.com,Female,66.21.85.110
400,Mirilla,Congreave,mcongreaveb3@google.es,Female,69.204.27.219
401,Dagny,Stallibrass,dstallibrassb4@ihg.com,Male,87.58.110.171
402,Sisile,Lackner,slacknerb5@reverbnation.com,Female,125.220.234.181
403,Kathryne,Osborne,kosborneb6@w3.org,Female,179.160.216.42
404,Ardelis,Dottridge,adottridgeb7@51.la,Female,139.170.254.94
405,Jule,Gimblett,jgimblettb8@amazon.co.uk,Male,114.122.212.108
406,Boony,Kirsop,bkirsopb9@mysql.com,Male,60.249.53.99
407,Stevy,Footitt,sfootittba@amazon.co.jp,Male,16.10.245.178
408,Nikolia,Greiser,ngreiserbb@auda.org.au,Female,133.218.96.128
409,Sherman,Penwright,spenwrightbc@washington.edu,Male,152.43.98.165
410,Lorinda,Lamplugh,llamplughbd@nps.gov,Female,254.158.241.45
411,Cammi,Hussey,chusseybe@etsy.com,Female,18.59.216.193
412,Temple,Duny,tdunybf@marriott.com,Male,51.212.159.237
413,Florella,Pickover,fpickoverbg@google.co.jp,Female,5.39.220.237
414,Bayard,Cobley,bcobleybh@ezinearticles.com,Male,39.91.205.33
415,Trumann,Service,tservicebi@jiathis.com,Male,178.223.48.147
416,Nanette,Eger,negerbj@multiply.com,Female,254.68.76.88
417,Dody,Trudgion,dtrudgionbk@nymag.com,Female,138.79.159.182
418,Sean,Eglin,seglinbl@google.com,Male,229.1.59.154
419,Sandor,Gullivent,sgulliventbm@techcrunch.com,Male,75.227.74.233
420,Kendricks,Fearnside,kfearnsidebn@tripod.com,Male,224.211.200.199
421,Ailene,Rawstron,arawstronbo@de.vu,Female,22.6.220.227
422,Casar,Callard,ccallardbp@nhs.uk,Male,113.78.207.130
423,Stephine,Wilkowski,swilkowskibq@amazon.de,Non-binary,243.99.115.23
424,Faunie,Ballintyne,fballintynebr@scientificamerican.com,Female,185.101.146.240
425,Crissie,Domerque,cdomerquebs@altervista.org,Female,109.146.241.146
426,Cam,Pickard,cpickardbt@un.org,Male,3.60.243.197
427,Riordan,Degoey,rdegoeybu@cnet.com,Non-binary,60.4.53.231
428,Johnathon,Hunter,jhunterbv@wsj.com,Male,1.11.121.251
429,Mirna,Wyles,mwylesbw@comcast.net,Genderqueer,84.204.211.245
430,Edouard,Carefull,ecarefullbx@istockphoto.com,Bigender,153.236.101.225
431,Coreen,Pigot,cpigotby@home.pl,Female,116.68.146.8
432,Drusie,Tomankowski,dtomankowskibz@reuters.com,Female,167.175.221.241
433,Hillary,Balderson,hbaldersonc0@cbslocal.com,Agender,155.165.70.212
434,Ario,Hicken,ahickenc1@google.co.jp,Male,201.130.192.195
435,Tremayne,Konertz,tkonertzc2@bbb.org,Male,15.247.196.8
436,Bran,McCahill,bmccahillc3@cbsnews.com,Male,105.100.96.135
437,Worthy,Vogelein,wvogeleinc4@youtu.be,Male,21.207.225.96
438,Bram,Carding,bcardingc5@skyrock.com,Male,175.134.112.12
439,Joey,Ten Broek,jtenbroekc6@nba.com,Female,102.126.215.38
440,Brinna,Alenin,baleninc7@fda.gov,Female,177.227.215.80
441,Georgianne,Messier,gmessierc8@printfriendly.com,Female,219.241.26.130
442,Fowler,Currom,fcurromc9@japanpost.jp,Agender,178.217.180.153
443,Giorgi,deKnevet,gdeknevetca@usa.gov,Male,11.97.220.88
444,Dalt,Lunge,dlungecb@yale.edu,Male,45.140.76.30
445,Janis,Salack,jsalackcc@washington.edu,Female,196.109.45.48
446,Ware,Barr,wbarrcd@washington.edu,Male,196.152.41.177
447,Tucky,Rycraft,trycraftce@jalbum.net,Male,0.76.58.250
448,Melba,Beauvais,mbeauvaiscf@epa.gov,Female,220.96.76.255
449,Court,Goforth,cgoforthcg@booking.com,Male,242.14.236.255
450,Rees,Tunuy,rtunuych@oracle.com,Male,182.251.134.6
451,Napoleon,Poulden,npouldenci@weather.com,Non-binary,241.11.230.39
452,Grant,Orthmann,gorthmanncj@washingtonpost.com,Male,245.75.120.42
453,Almire,Brogini,abroginick@webs.com,Female,139.112.209.181
454,Anselma,Hydes,ahydescl@mysql.com,Female,85.15.203.73
455,Gaynor,Perllman,gperllmancm@fc2.com,Female,149.238.69.72
456,Kellen,O'Bradane,kobradanecn@discuz.net,Agender,34.199.22.46
457,Margaretha,Dargie,mdargieco@is.gd,Female,243.20.8.83
458,Jim,Greiswood,jgreiswoodcp@dailymotion.com,Male,216.96.229.109
459,Darbie,Meagher,dmeaghercq@chron.com,Female,78.163.29.161
460,Robbie,Quoit,rquoitcr@rambler.ru,Female,90.219.231.122
461,Eudora,Tinwell,etinwellcs@scribd.com,Female,246.58.5.164
462,Adolpho,Wyd,awydct@tinyurl.com,Male,38.208.140.157
463,Yetty,McGilvra,ymcgilvracu@cbslocal.com,Female,105.74.170.72
464,Kelvin,Ewin,kewincv@intel.com,Male,1.103.71.215
465,Ignacio,Cherm,ichermcw@narod.ru,Male,252.134.252.147
466,Gerek,Kigelman,gkigelmancx@upenn.edu,Male,32.155.38.107
467,Norton,Hubbert,nhubbertcy@youtube.com,Male,104.68.72.155
468,Shea,Pegler,speglercz@blinklist.com,Male,143.51.241.188
469,Haydon,Strang,hstrangd0@patch.com,Male,11.32.159.106
470,Kalvin,Chidwick,kchidwickd1@answers.com,Male,206.250.224.139
471,Britta,Balfour,bbalfourd2@spotify.com,Female,159.161.152.156
472,Bertina,Paramore,bparamored3@loc.gov,Female,108.187.64.190
473,Tyler,Giacomi,tgiacomid4@mapquest.com,Male,41.39.170.35
474,Pierson,Showalter,pshowalterd5@prnewswire.com,Male,249.210.100.248
475,Adelina,Bucklee,abuckleed6@cisco.com,Female,191.66.113.216
476,Iggie,Quinell,iquinelld7@cyberchimps.com,Male,23.211.86.32
477,Emerson,Idale,eidaled8@vimeo.com,Male,58.130.15.254
478,Amity,Fenlon,afenlond9@lulu.com,Female,78.140.103.45
479,Gusta,Huie,ghuieda@wufoo.com,Female,136.240.154.217
480,Germain,Sjostrom,gsjostromdb@freewebs.com,Male,120.245.19.235
481,Coop,Wrenn,cwrenndc@army.mil,Male,247.11.61.220
482,Morey,Bushell,mbushelldd@europa.eu,Male,223.176.189.195
483,Hi,Dineges,hdinegesde@ameblo.jp,Male,63.27.37.9
484,Brandais,Domoni,bdomonidf@unicef.org,Female,55.93.132.192
485,Katherine,Haney,khaneydg@state.tx.us,Female,161.144.59.43
486,Sayre,Gregori,sgregoridh@census.gov,Agender,125.227.198.191
487,Ferdy,Cormack,fcormackdi@paginegialle.it,Male,43.61.26.184
488,Seth,Baiss,sbaissdj@technorati.com,Male,66.114.241.151
489,Ahmad,Tousey,atouseydk@guardian.co.uk,Male,254.145.96.36
490,Peggy,Alejo,palejodl@odnoklassniki.ru,Female,61.61.48.162
491,Kimble,Rikard,krikarddm@ucoz.com,Male,153.246.224.249
492,Ximenez,Reimers,xreimersdn@deliciousdays.com,Male,63.55.50.243
493,Maure,Gladeche,mgladechedo@cargocollective.com,Female,51.90.5.201
494,Tan,Piller,tpillerdp@wired.com,Male,95.141.137.199
495,Kellyann,Coase,kcoasedq@soup.io,Female,26.186.107.13
496,Munmro,Tatershall,mtatershalldr@ask.com,Male,124.237.49.203
497,Audre,Mieville,amievilleds@smugmug.com,Female,63.81.246.106
498,Husein,Scampion,hscampiondt@dot.gov,Male,175.162.62.129
499,Auberon,Coulter,acoulterdu@scientificamerican.com,Male,197.108.74.87
500,Des,Threader,dthreaderdv@exblog.jp,Male,73.236.162.21
501,Caroline,Ivell,civelldw@ebay.co.uk,Female,113.176.122.192
502,Patrice,Neilus,pneilusdx@bloomberg.com,Female,57.197.226.252
503,Harri,Stanier,hstanierdy@go.com,Female,58.95.166.71
504,Lizbeth,Secret,lsecretdz@discuz.net,Female,117.187.61.196
505,Elizabet,Batrop,ebatrope0@soup.io,Female,119.142.232.127
506,Mordecai,Oven,movene1@hubpages.com,Male,194.169.231.246
507,Virge,Hatz,vhatze2@home.pl,Male,179.109.139.36
508,Oliviero,Berthomier,oberthomiere3@ox.ac.uk,Male,202.100.32.64
509,Allys,Carder,acardere4@feedburner.com,Female,218.202.105.83
510,Maxwell,Ahlf,mahlfe5@wikipedia.org,Male,247.156.239.87
511,Ileana,Butten,ibuttene6@163.com,Female,10.183.123.211
512,Jillayne,Duckfield,jduckfielde7@photobucket.com,Female,175.180.221.4
513,Kristoffer,Sambiedge,ksambiedgee8@weibo.com,Male,117.135.26.5
514,Hedy,Toppin,htoppine9@hao123.com,Female,68.49.152.225
515,Vilma,Dehmel,vdehmelea@msn.com,Genderqueer,189.166.49.50
516,Lelia,Norcliff,lnorcliffeb@usa.gov,Female,28.90.107.129
517,Fanny,Scain,fscainec@hexun.com,Female,113.203.25.50
518,Gabie,Fothergill,gfothergilled@apple.com,Female,175.163.9.28
519,Pauly,Lamyman,plamymanee@opensource.org,Female,219.199.11.61
520,Orton,O'Kinedy,ookinedyef@phoca.cz,Genderqueer,35.198.94.78
521,Desiri,Atkirk,datkirkeg@sun.com,Female,77.143.24.225
522,Sanford,Plackstone,splackstoneeh@trellian.com,Male,247.143.152.118
523,Alethea,Brayfield,abrayfieldei@soundcloud.com,Female,250.70.93.245
524,Stu,Roman,sromanej@samsung.com,Male,154.170.70.21
525,Claudia,Beacock,cbeacockek@altervista.org,Female,50.104.52.92
526,Trixy,Palle,tpalleel@accuweather.com,Female,169.215.254.90
527,Risa,Boyson,rboysonem@elegantthemes.com,Female,174.211.162.188
528,Uri,Andreini,uandreinien@archive.org,Male,100.28.141.84
529,Alie,Barniss,abarnisseo@craigslist.org,Female,3.138.210.229
530,Jessalin,Bullocke,jbullockeep@merriam-webster.com,Female,154.134.132.162
531,Blondie,Yoseloff,byoseloffeq@livejournal.com,Female,156.64.25.170
532,Essie,Heinish,eheinisher@cnet.com,Female,13.158.44.32
533,Sue,Dean,sdeanes@cam.ac.uk,Female,26.194.246.185
534,Helga,Titcomb,htitcombet@yahoo.com,Female,134.70.173.69
535,Joane,Corns,jcornseu@umn.edu,Female,174.56.251.147
536,Elmira,Placidi,eplacidiev@hubpages.com,Female,2.111.40.36
537,Raquel,Colls,rcollsew@ucoz.ru,Female,157.53.168.102
538,Audie,Beevers,abeeversex@disqus.com,Agender,160.137.254.224
539,Mohandas,Camous,mcamousey@home.pl,Male,195.240.24.194
540,Jolynn,Inkle,jinkleez@xing.com,Female,63.238.215.125
541,Charmion,Saph,csaphf0@sogou.com,Female,240.245.7.232
542,Joshuah,Leaves,jleavesf1@hexun.com,Male,106.121.19.41
543,Shawnee,Baroux,sbarouxf2@php.net,Non-binary,229.58.21.231
544,Lurleen,Lashmore,llashmoref3@ebay.com,Female,42.81.9.114
545,Dorothea,McGroarty,dmcgroartyf4@theatlantic.com,Female,26.101.191.134
546,Kym,Scintsbury,kscintsburyf5@hud.gov,Female,239.91.107.77
547,Lorena,Beneix,lbeneixf6@sciencedaily.com,Female,71.55.92.25
548,Alasdair,Bursell,abursellf7@baidu.com,Male,77.143.213.180
549,Sheba,Kermannes,skermannesf8@phpbb.com,Female,120.210.166.28
550,Jesse,Brackley,jbrackleyf9@pagesperso-orange.fr,Male,194.79.125.54
551,Kermy,Hosby,khosbyfa@wordpress.com,Male,234.249.164.222
552,Lenora,Danielsohn,ldanielsohnfb@dailymotion.com,Female,28.19.97.50
553,Jaimie,Eaves,jeavesfc@newsvine.com,Female,40.252.244.230
554,Violetta,Natte,vnattefd@msu.edu,Female,192.167.167.48
555,Simeon,Blant,sblantfe@apache.org,Male,158.42.160.117
556,Yvonne,Seiller,yseillerff@ustream.tv,Female,98.210.252.91
557,Etta,Adelman,eadelmanfg@ca.gov,Female,36.83.233.60
558,Ira,Georgins,igeorginsfh@unicef.org,Male,193.17.111.103
559,Jasen,Berriball,jberriballfi@phoca.cz,Male,104.26.44.94
560,Chuck,Nobles,cnoblesfj@lycos.com,Male,84.162.199.125
561,Hannie,Mollett,hmollettfk@flickr.com,Female,185.130.35.203
562,Nathan,Rielly,nriellyfl@sohu.com,Male,14.54.182.140
563,Borg,Fidge,bfidgefm@eepurl.com,Male,34.180.24.56
564,Dawn,Gallego,dgallegofn@netvibes.com,Female,215.228.36.67
565,Florinda,Halson,fhalsonfo@freewebs.com,Female,233.192.5.216
566,Sonnie,Moult,smoultfp@patch.com,Female,189.51.101.120
567,Ryann,Tunesi,rtunesifq@homestead.com,Female,7.28.62.195
568,Ardelia,Kail,akailfr@behance.net,Female,47.165.155.11
569,Junie,Fesby,jfesbyfs@chron.com,Female,201.138.250.96
570,Nisse,Hinstridge,nhinstridgeft@answers.com,Female,67.136.100.244
571,Shannen,Bolens,sbolensfu@ustream.tv,Female,182.200.202.15
572,Jayne,Coch,jcochfv@feedburner.com,Agender,25.210.213.224
573,Nels,Parmer,nparmerfw@senate.gov,Male,42.238.82.229
574,Tim,Preddy,tpreddyfx@google.com,Male,241.128.127.161
575,Lew,Feirn,lfeirnfy@slideshare.net,Male,26.28.66.82
576,Gill,Heeran,gheeranfz@techcrunch.com,Female,220.53.186.197
577,Cherish,Gilardoni,cgilardonig0@quantcast.com,Female,230.26.92.12
578,Cyndi,Grewes,cgrewesg1@tiny.cc,Female,67.139.105.22
579,Millicent,Keene,mkeeneg2@amazon.co.jp,Female,130.135.50.251
580,Elle,Oret,eoretg3@who.int,Female,25.50.30.193
581,Freemon,Fortnon,ffortnong4@over-blog.com,Male,82.234.194.161
582,Will,Cossington,wcossingtong5@friendfeed.com,Male,196.30.151.199
583,Wiatt,Hedgeley,whedgeleyg6@indiegogo.com,Male,20.56.180.160
584,Darn,Boise,dboiseg7@domainmarket.com,Male,67.168.253.180
585,Athena,Mains,amainsg8@techcrunch.com,Female,1.21.44.243
586,Bridie,McCloughlin,bmccloughling9@seattletimes.com,Female,248.247.73.182
587,Aurora,Domino,adominoga@theguardian.com,Female,61.3.152.70
588,Alfreda,Sherburn,asherburngb@yandex.ru,Agender,83.224.178.178
589,Kara,Telfer,ktelfergc@seattletimes.com,Female,90.130.236.211
590,Freda,Greger,fgregergd@prnewswire.com,Female,40.157.28.88
591,Mike,Rubenovic,mrubenovicge@edublogs.org,Male,136.69.223.251
592,Robbie,Swedeland,rswedelandgf@princeton.edu,Male,107.215.169.177
593,Shea,Mattsson,smattssongg@biglobe.ne.jp,Female,46.26.243.161
594,Packston,Griffith,pgriffithgh@umn.edu,Male,50.51.125.139
595,Jerrie,Beckwith,jbeckwithgi@weibo.com,Female,26.98.107.84
596,Korney,Fairholme,kfairholmegj@examiner.com,Female,74.1.2.39
597,Tammi,Toffano,ttoffanogk@biblegateway.com,Female,65.61.210.182
598,Claiborn,Rapper,crappergl@t.co,Male,211.229.46.11
599,Gaelan,Kobu,gkobugm@mtv.com,Male,209.211.153.212
600,Kassi,Ahrens,kahrensgn@hc360.com,Female,214.159.146.159
601,Ladonna,Dimitrijevic,ldimitrijevicgo@nytimes.com,Female,142.194.88.241
602,Daisey,Crisp,dcrispgp@auda.org.au,Female,116.176.42.199
603,Garrard,MacAlpine,gmacalpinegq@360.cn,Male,128.13.33.237
604,Diann,Liddyard,dliddyardgr@hao123.com,Female,63.205.49.210
605,Pepe,Sextie,psextiegs@state.gov,Male,142.95.196.199
606,Fay,Eake,feakegt@si.edu,Female,110.173.197.122
607,Louise,Quaintance,lquaintancegu@reuters.com,Female,22.60.18.118
608,Maribel,Dunham,mdunhamgv@hao123.com,Female,77.93.7.145
609,Bendix,Beange,bbeangegw@ask.com,Male,241.84.241.117
610,Katerine,O'Henery,kohenerygx@de.vu,Bigender,130.43.14.173
611,Electra,Falla,efallagy@goo.gl,Female,93.218.107.20
612,Anabal,Dobinson,adobinsongz@google.ca,Female,149.140.178.201
613,Gustaf,Luppitt,gluppitth0@trellian.com,Male,219.40.187.36
614,Ellwood,Kliment,eklimenth1@msn.com,Male,29.41.167.144
615,Sunshine,Dominelli,sdominellih2@privacy.gov.au,Bigender,181.80.200.214
616,Jackson,Nutley,jnutleyh3@wikimedia.org,Male,149.186.252.112
617,Nevin,McCarroll,nmccarrollh4@photobucket.com,Male,234.227.131.171
618,Henderson,Sabates,hsabatesh5@va.gov,Male,163.54.86.60
619,Hedvig,Culbert,hculberth6@google.cn,Female,200.29.181.120
620,Wilona,Holtham,wholthamh7@ucsd.edu,Female,38.170.200.248
621,Jere,Janic,jjanich8@go.com,Male,141.113.230.55
622,Ginger,Odgers,godgersh9@loc.gov,Female,119.119.172.181
623,Inesita,Gollop,igollopha@slideshare.net,Female,144.8.115.94
624,Jordon,Hockey,jhockeyhb@google.com.br,Male,59.241.103.141
625,Vevay,Jaeggi,vjaeggihc@washingtonpost.com,Female,58.60.156.235
626,Arden,Lethem,alethemhd@desdev.cn,Genderfluid,142.149.41.179
627,Morton,Leahey,mleaheyhe@shinystat.com,Male,102.101.250.182
628,Kial,Codman,kcodmanhf@shop-pro.jp,Genderfluid,233.245.129.15
629,Evered,Raymen,eraymenhg@ameblo.jp,Male,254.119.56.80
630,Beth,Berrygun,bberrygunhh@chicagotribune.com,Female,98.59.164.15
631,Ely,Staining,estaininghi@topsy.com,Male,198.116.3.115
632,Lotti,Kear,lkearhj@fema.gov,Female,171.12.72.10
633,Hershel,Kloser,hkloserhk@latimes.com,Male,127.34.199.241
634,Sabine,Measures,smeasureshl@hexun.com,Female,178.22.25.73
635,Leeanne,Giblin,lgiblinhm@xinhuanet.com,Female,181.108.65.49
636,Boycie,Sciusscietto,bsciussciettohn@printfriendly.com,Male,128.86.208.33
637,Sarina,Pillans,spillansho@nationalgeographic.com,Polygender,17.246.176.120
638,Alethea,Mervyn,amervynhp@dmoz.org,Female,177.154.88.25
639,Hewett,Scini,hscinihq@cmu.edu,Male,140.147.168.116
640,Glenine,Redish,gredishhr@telegraph.co.uk,Female,120.154.53.38
641,Zollie,Salaman,zsalamanhs@techcrunch.com,Male,238.19.31.51
642,Glynn,M'Quharg,gmquharght@mlb.com,Male,202.52.57.170
643,Cathee,Cahalan,ccahalanhu@zimbio.com,Polygender,114.167.31.224
644,Justin,Grellis,jgrellishv@delicious.com,Male,234.122.63.170
645,Chrystal,Mawman,cmawmanhw@nsw.gov.au,Female,68.15.150.53
646,Izabel,Gaitung,igaitunghx@flavors.me,Female,26.155.211.122
647,Garth,Buxey,gbuxeyhy@vkontakte.ru,Male,246.156.52.248
648,Barbie,Redsall,bredsallhz@hud.gov,Female,92.63.60.134
649,Ardenia,Szymoni,aszymonii0@statcounter.com,Female,168.127.59.27
650,Arie,Leftly,aleftlyi1@gnu.org,Male,92.205.6.235
651,Bird,Gitthouse,bgitthousei2@nifty.com,Bigender,58.135.223.91
652,Iolande,Metcalfe,imetcalfei3@nydailynews.com,Genderqueer,16.160.219.205
653,Sibella,Avramovic,savramovici4@bbb.org,Female,201.22.193.140
654,Tonnie,Hainning,thainningi5@networkadvertising.org,Male,159.220.193.240
655,Elmira,Currum,ecurrumi6@over-blog.com,Female,1.107.119.176
656,Sancho,Vassay,svassayi7@ezinearticles.com,Genderqueer,227.216.221.14
657,Lauryn,Dinan,ldinani8@oakley.com,Female,186.27.11.8
658,Suzann,Storrie,sstorriei9@webs.com,Female,55.198.202.64
659,Moishe,Ratlee,mratleeia@java.com,Male,122.55.201.221
660,Torrence,Coulbeck,tcoulbeckib@devhub.com,Male,155.175.102.150
661,Alexi,Avent,aaventic@delicious.com,Female,7.137.17.184
662,Randie,Lodwig,rlodwigid@discuz.net,Male,101.22.144.176
663,Grant,enzley,genzleyie@tripod.com,Male,232.74.87.182
664,Cos,Thorwarth,cthorwarthif@tripod.com,Male,48.122.16.245
665,Zackariah,Celand,zcelandig@buzzfeed.com,Male,44.71.87.86
666,Kathryne,Hyndley,khyndleyih@patch.com,Female,253.156.124.86
667,Norrie,Harmer,nharmerii@biglobe.ne.jp,Non-binary,118.24.123.230
668,Bronnie,Hannaby,bhannabyij@sina.com.cn,Male,246.76.139.1
669,Eziechiele,Duffer,edufferik@facebook.com,Male,25.160.222.90
670,Monroe,Greenshields,mgreenshieldsil@apache.org,Male,85.212.215.72
671,Terrie,Arthey,tartheyim@twitpic.com,Female,216.243.253.249
672,Merline,Tomich,mtomichin@irs.gov,Female,141.120.110.112
673,Clarinda,Henker,chenkerio@t.co,Female,42.21.252.167
674,Cherise,Diehn,cdiehnip@cbc.ca,Female,137.188.107.6
675,Wendell,Goose,wgooseiq@g.co,Male,185.54.99.67
676,Felizio,Killeley,fkilleleyir@slideshare.net,Male,230.139.221.34
677,Mathilda,Mussard,mmussardis@rambler.ru,Female,209.29.56.248
678,Nikolaos,Bailess,nbailessit@ftc.gov,Male,77.181.31.113
679,Venus,Duprey,vdupreyiu@addtoany.com,Female,151.193.103.35
680,Lara,Pellew,lpellewiv@google.de,Polygender,143.130.31.186
681,Zarla,Martygin,zmartyginiw@paypal.com,Female,74.39.44.33
682,Gay,Mathiot,gmathiotix@hatena.ne.jp,Female,206.192.141.126
683,Donnie,Fay,dfayiy@live.com,Male,179.120.63.143
684,Ches,Balden,cbaldeniz@bigcartel.com,Male,226.0.21.36
685,Reed,Sloat,rsloatj0@princeton.edu,Male,183.176.52.216
686,Vittoria,Kydde,vkyddej1@reuters.com,Female,252.214.232.253
687,Corrianne,Locks,clocksj2@jugem.jp,Female,68.120.153.138
688,Lorne,Kingswoode,lkingswoodej3@unesco.org,Male,241.126.32.198
689,Koren,Stoffersen,kstoffersenj4@uiuc.edu,Female,154.152.102.30
690,Josh,Konert,jkonertj5@ehow.com,Male,165.18.228.157
691,Chip,Shankle,cshanklej6@cargocollective.com,Male,94.128.32.157
692,Shawn,Frankel,sfrankelj7@rediff.com,Female,228.228.55.92
693,Vladimir,Pren,vprenj8@economist.com,Male,89.136.200.35
694,Holmes,Pyvis,hpyvisj9@mapquest.com,Male,130.172.208.239
695,Hildagard,Swayland,hswaylandja@123-reg.co.uk,Female,190.60.239.124
696,Vivia,Robshaw,vrobshawjb@nih.gov,Female,75.196.122.41
697,Corliss,Idel,cideljc@fc2.com,Female,221.59.112.91
698,Immanuel,Pepys,ipepysjd@tumblr.com,Male,239.16.197.110
699,Cash,Carncross,ccarncrossje@webmd.com,Male,196.255.215.159
700,Lee,MacAlees,lmacaleesjf@boston.com,Male,34.162.207.44
701,Dallis,Rankine,drankinejg@facebook.com,Male,84.175.157.136
702,Carin,McLinden,cmclindenjh@reverbnation.com,Female,214.86.31.52
703,Virgina,Trenholme,vtrenholmeji@people.com.cn,Female,0.219.200.43
704,Dulcy,Hellyar,dhellyarjj@google.it,Female,186.138.211.60
705,Wilek,Kennermann,wkennermannjk@state.gov,Male,202.5.114.212
706,Enos,Stobbart,estobbartjl@over-blog.com,Male,52.200.68.66
707,Lethia,Weaben,lweabenjm@webmd.com,Female,133.93.245.101
708,Tome,Feek,tfeekjn@bizjournals.com,Male,214.193.40.250
709,Conchita,Theobold,ctheoboldjo@ehow.com,Female,27.206.62.34
710,Vera,Bowdon,vbowdonjp@samsung.com,Female,199.254.159.134
711,Gilligan,Stowgill,gstowgilljq@eepurl.com,Female,96.1.210.70
712,Demetre,Teager,dteagerjr@tinyurl.com,Male,144.131.67.56
713,Royall,Pickthorn,rpickthornjs@archive.org,Male,231.118.170.10
714,Padgett,Deary,pdearyjt@engadget.com,Male,104.214.71.245
715,Ferdie,Nutbean,fnutbeanju@i2i.jp,Male,112.160.31.54
716,Happy,Letson,hletsonjv@seattletimes.com,Female,36.148.100.170
717,Pepi,Reilinger,preilingerjw@csmonitor.com,Female,253.197.50.127
718,Allianora,Verring,averringjx@hc360.com,Female,229.30.212.156
719,Caresse,Ferrettini,cferrettinijy@sfgate.com,Female,191.211.245.128
720,Gwendolyn,Edgeley,gedgeleyjz@pinterest.com,Female,64.38.76.60
721,Bonnee,Tillyer,btillyerk0@parallels.com,Female,79.78.15.252
722,Dana,Dunton,dduntonk1@unblog.fr,Male,69.145.238.88
723,Aurelea,De Minico,ademinicok2@admin.ch,Female,31.29.103.140
724,Marchelle,Peppin,mpeppink3@sourceforge.net,Female,81.110.221.191
725,Clovis,Rolston,crolstonk4@slashdot.org,Female,161.124.234.159
726,Fabian,Mardell,fmardellk5@timesonline.co.uk,Male,95.157.215.133
727,Henderson,Tilsley,htilsleyk6@indiegogo.com,Male,18.168.95.171
728,Denny,Dmitrovic,ddmitrovick7@163.com,Polygender,31.179.91.163
729,Freddy,Lope,flopek8@wikimedia.org,Bigender,135.30.55.58
730,Zorah,Flemming,zflemmingk9@patch.com,Female,26.234.55.234
731,Keefe,Caddell,kcaddellka@oracle.com,Bigender,69.151.83.20
732,Deana,Risman,drismankb@wufoo.com,Female,140.98.200.228
733,Dalt,Youell,dyouellkc@cam.ac.uk,Male,217.121.208.164
734,Ingaberg,Harriman,iharrimankd@parallels.com,Female,49.156.58.14
735,Humbert,Rintoul,hrintoulke@hexun.com,Male,72.64.141.168
736,Berenice,Tretter,btretterkf@dailymotion.com,Female,15.61.181.121
737,Arch,Hexum,ahexumkg@newsvine.com,Male,22.46.190.19
738,Zea,Dowden,zdowdenkh@1688.com,Female,167.167.223.182
739,Winna,Tommasuzzi,wtommasuzziki@printfriendly.com,Female,187.132.115.8
740,Price,Kislingbury,pkislingburykj@usnews.com,Male,55.97.252.5
741,Candice,Astupenas,castupenaskk@toplist.cz,Female,213.38.245.66
742,Ingeberg,Yoxen,iyoxenkl@delicious.com,Female,104.120.226.176
743,Dewain,Edards,dedardskm@amazon.com,Male,172.93.97.150
744,Yelena,Verny,yvernykn@cnet.com,Female,117.148.143.139
745,Jennine,Riping,jripingko@phpbb.com,Female,147.209.3.37
746,Giffy,Stoker,gstokerkp@blinklist.com,Male,39.50.43.122
747,Salmon,Bernlin,sbernlinkq@princeton.edu,Male,117.123.10.56
748,Anselm,Vamplew,avamplewkr@wp.com,Polygender,71.104.197.34
749,Elia,Blackley,eblackleyks@feedburner.com,Male,245.43.61.157
750,Trever,Brushfield,tbrushfieldkt@bbc.co.uk,Male,10.133.161.56
751,Olivier,Corck,ocorckku@seesaa.net,Male,252.205.72.108
752,Melicent,Merryweather,mmerryweatherkv@tinyurl.com,Female,110.158.74.16
753,Cherry,Bathow,cbathowkw@google.com,Female,137.254.247.49
754,Bridgette,Fellnee,bfellneekx@marketwatch.com,Female,235.157.133.249
755,Reinaldos,Hilbourne,rhilbourneky@bluehost.com,Male,232.45.110.209
756,Iggie,Adel,iadelkz@google.fr,Male,140.113.252.30
757,Venus,Sawley,vsawleyl0@unicef.org,Female,34.220.126.245
758,Mala,Torel,mtorell1@ca.gov,Female,180.93.117.6
759,Claudia,Yedy,cyedyl2@bizjournals.com,Female,205.201.132.151
760,Kim,Elnough,kelnoughl3@github.com,Male,231.2.150.63
761,Barty,McGrath,bmcgrathl4@wikia.com,Male,131.125.174.190
762,Sibeal,Gage,sgagel5@elegantthemes.com,Female,176.5.18.52
763,Rosco,Capener,rcapenerl6@princeton.edu,Genderqueer,0.26.252.62
764,Newton,Scanlan,nscanlanl7@fda.gov,Male,47.95.17.214
765,Ric,Drew,rdrewl8@cbslocal.com,Male,50.4.141.48
766,Baird,Prime,bprimel9@mail.ru,Agender,239.84.147.238
767,Dennet,Hillborne,dhillbornela@opensource.org,Male,207.182.14.52
768,Matias,Ellsworthe,mellsworthelb@google.com.hk,Male,48.181.95.123
769,Dorthea,Plewright,dplewrightlc@gravatar.com,Female,209.79.211.169
770,Kaleena,Yesson,kyessonld@etsy.com,Agender,11.65.223.117
771,Andrei,Cadigan,acadiganle@bloglines.com,Genderqueer,10.240.53.86
772,Julienne,Seville,jsevillelf@vkontakte.ru,Genderfluid,115.130.80.87
773,Kirby,Potticary,kpotticarylg@google.co.uk,Female,84.80.45.36
774,Barnebas,Mount,bmountlh@columbia.edu,Male,222.253.213.44
775,Phil,Brockington,pbrockingtonli@indiatimes.com,Male,72.248.126.24
776,Rice,Matuszkiewicz,rmatuszkiewiczlj@tripod.com,Male,84.89.19.159
777,Alfons,Quinby,aquinbylk@twitter.com,Male,70.23.128.68
778,Charlton,McAmish,cmcamishll@sfgate.com,Male,124.51.24.36
779,Corliss,Loughrey,cloughreylm@umich.edu,Female,175.182.58.72
780,Charlean,Marioneau,cmarioneauln@geocities.jp,Female,150.237.113.31
781,Perice,Basham,pbashamlo@cyberchimps.com,Male,3.250.88.92
782,Hailey,Richold,hricholdlp@blogger.com,Male,165.58.245.67
783,Aurlie,Lieber,alieberlq@businessinsider.com,Female,128.168.36.244
784,Averell,Ratchford,aratchfordlr@phpbb.com,Male,77.172.195.176
785,Karry,Bound,kboundls@dagondesign.com,Female,140.164.105.163
786,Griffy,Macrae,gmacraelt@wufoo.com,Male,245.12.188.208
787,Royce,Iredell,riredelllu@nasa.gov,Male,120.89.8.204
788,Winn,Simmen,wsimmenlv@forbes.com,Male,50.167.40.154
789,Penny,Southern,psouthernlw@pen.io,Female,96.19.250.248
790,Pamela,Pannett,ppannettlx@youtube.com,Female,200.133.40.215
791,Noe,Hallowes,nhallowesly@qq.com,Male,64.125.136.78
792,Haley,Kilmurray,hkilmurraylz@hugedomains.com,Male,119.102.160.82
793,Carol-jean,Gidley,cgidleym0@alibaba.com,Female,241.62.179.82
794,Glendon,Waind,gwaindm1@163.com,Male,77.173.218.146
795,Cassie,Jailler,cjaillerm2@goo.gl,Male,13.99.126.173
796,Don,Toon,dtoonm3@princeton.edu,Male,242.199.85.99
797,Dill,MacRedmond,dmacredmondm4@artisteer.com,Male,31.128.71.167
798,Frasco,Kanwell,fkanwellm5@pbs.org,Male,52.65.201.82
799,Alanson,Bendan,abendanm6@miitbeian.gov.cn,Male,85.137.104.128
800,Christabella,Upchurch,cupchurchm7@gnu.org,Female,80.42.134.49
801,Daryl,Atkinson,datkinsonm8@ox.ac.uk,Male,53.126.111.50
802,Pierre,Paschek,ppaschekm9@1688.com,Male,10.21.12.11
803,Randy,Biskupski,rbiskupskima@state.gov,Male,63.182.156.13
804,Valli,Pennings,vpenningsmb@yahoo.co.jp,Female,25.240.91.222
805,Hadley,Janse,hjansemc@t.co,Male,165.98.55.77
806,Ximenez,Graeser,xgraesermd@github.com,Male,206.64.31.181
807,Alyce,Farraway,afarrawayme@diigo.com,Female,142.215.83.74
808,Warde,Butrimovich,wbutrimovichmf@cbsnews.com,Male,47.182.194.51
809,Maribelle,Bilverstone,mbilverstonemg@ow.ly,Female,238.119.192.100
810,Eldin,Byway,ebywaymh@dell.com,Male,141.75.216.117
811,Robinett,Piggrem,rpiggremmi@netlog.com,Female,234.240.207.21
812,Cloe,Barlace,cbarlacemj@youtube.com,Female,47.233.45.205
813,Clyve,Fishpool,cfishpoolmk@home.pl,Male,123.157.129.103
814,Burton,MacGillreich,bmacgillreichml@wiley.com,Genderfluid,120.174.208.182
815,Robbyn,Dungee,rdungeemm@discuz.net,Bigender,54.80.107.178
816,Leda,Moulster,lmoulstermn@loc.gov,Genderfluid,209.130.211.81
817,Frank,Wagstaff,fwagstaffmo@sitemeter.com,Male,59.228.171.117
818,Giulietta,Doust,gdoustmp@jimdo.com,Female,83.125.137.51
819,Temp,Salsberg,tsalsbergmq@nyu.edu,Male,153.93.153.209
820,Lucias,Davern,ldavernmr@merriam-webster.com,Male,38.214.26.202
821,Evered,Wrennall,ewrennallms@gmpg.org,Male,62.206.49.13
822,Delly,Epinoy,depinoymt@uiuc.edu,Female,235.185.136.132
823,Ephrayim,Pridmore,epridmoremu@lycos.com,Male,99.38.155.18
824,Hollyanne,Pastor,hpastormv@paypal.com,Female,189.96.161.71
825,Sisile,Doerren,sdoerrenmw@wired.com,Female,172.189.176.106
826,Christie,Hoggin,chogginmx@multiply.com,Male,90.18.33.164
827,Wheeler,Sparrowhawk,wsparrowhawkmy@goo.gl,Male,57.48.53.216
828,Pernell,Rickardsson,prickardssonmz@ucla.edu,Male,109.203.213.153
829,Sigfrid,Yurshev,syurshevn0@opera.com,Male,131.155.65.32
830,Trever,Corps,tcorpsn1@sourceforge.net,Male,235.227.21.155
831,Mireille,Stables,mstablesn2@phoca.cz,Female,173.69.107.251
832,Bradly,Claeskens,bclaeskensn3@qq.com,Male,124.88.157.250
833,Querida,Pullar,qpullarn4@businesswire.com,Female,5.254.173.48
834,Peder,Varley,pvarleyn5@ebay.com,Male,18.224.204.22
835,Janek,Haye,jhayen6@digg.com,Male,185.111.179.99
836,Blayne,Gallo,bgallon7@globo.com,Male,201.253.52.136
837,Simmonds,Stanesby,sstanesbyn8@cafepress.com,Non-binary,211.29.232.219
838,Valentijn,Lippitt,vlippittn9@alexa.com,Male,2.157.214.70
839,Noemi,Idel,nidelna@live.com,Female,71.238.81.206
840,Angelle,Andric,aandricnb@state.tx.us,Female,62.214.209.237
841,Tudor,Degg,tdeggnc@squidoo.com,Male,169.136.211.6
842,Phil,Peckham,ppeckhamnd@salon.com,Female,219.195.235.97
843,Fidel,Pifford,fpiffordne@friendfeed.com,Male,230.65.184.95
844,Ellyn,Grainge,egraingenf@free.fr,Female,100.131.255.230
845,Beulah,Chalk,bchalkng@barnesandnoble.com,Female,86.67.243.235
846,Freida,Reveland,frevelandnh@miibeian.gov.cn,Female,58.247.209.148
847,Vladimir,Domnick,vdomnickni@walmart.com,Male,149.158.78.214
848,Herschel,Rigg,hriggnj@pinterest.com,Male,108.59.230.238
849,Maisie,Salandino,msalandinonk@spotify.com,Female,176.211.205.215
850,Ches,Lages,clagesnl@nyu.edu,Male,238.243.20.211
851,Isador,Ganderton,igandertonnm@google.com.hk,Agender,238.183.140.144
852,Tersina,Selland,tsellandnn@sitemeter.com,Female,117.56.50.139
853,Margarita,Wathen,mwathenno@bravesites.com,Female,185.152.71.254
854,Johan,Sharram,jsharramnp@blinklist.com,Male,47.91.90.44
855,Ruthe,Nutty,rnuttynq@nps.gov,Female,180.248.30.178
856,Drew,Tarr,dtarrnr@java.com,Male,113.181.2.71
857,Nahum,Servant,nservantns@rediff.com,Male,149.114.105.150
858,Llewellyn,Hollyar,lhollyarnt@wired.com,Male,186.125.247.178
859,Celeste,Joule,cjoulenu@statcounter.com,Female,244.141.167.66
860,Quintilla,Morteo,qmorteonv@joomla.org,Female,49.72.200.177
861,Kristoforo,Pryor,kpryornw@scribd.com,Male,138.141.234.238
862,Gabriella,Clines,gclinesnx@etsy.com,Female,139.84.123.21
863,Arlina,Gravie,agravieny@rediff.com,Female,13.117.125.135
864,Dorelle,Tidman,dtidmannz@gov.uk,Female,193.144.1.1
865,Tiphany,Cheltnam,tcheltnamo0@eventbrite.com,Female,115.139.50.253
866,Effie,Drysdell,edrysdello1@bandcamp.com,Female,123.53.224.207
867,Flory,Ullyatt,fullyatto2@msn.com,Male,56.228.198.234
868,Bevan,Lanbertoni,blanbertonio3@github.com,Male,50.248.217.222
869,Bronny,Sparwell,bsparwello4@scribd.com,Male,103.224.39.72
870,Marlow,Manuele,mmanueleo5@gravatar.com,Male,219.7.151.40
871,Linell,Wooder,lwoodero6@blinklist.com,Female,71.39.43.198
872,Mort,Hirth,mhirtho7@1688.com,Male,72.164.121.75
873,Rafe,Willes,rwilleso8@booking.com,Male,148.234.244.171
874,Pennie,O'Cassidy,pocassidyo9@live.com,Female,163.205.234.114
875,Catlin,Breakwell,cbreakwelloa@wikipedia.org,Female,69.205.89.65
876,Fanchette,Meldon,fmeldonob@usnews.com,Female,25.246.52.45
877,Saul,Gawkes,sgawkesoc@merriam-webster.com,Male,167.48.15.72
878,Lorain,Pallent,lpallentod@shareasale.com,Female,62.225.13.184
879,Thorpe,Mossman,tmossmanoe@goodreads.com,Genderqueer,31.153.7.105
880,Humberto,Monget,hmongetof@nasa.gov,Male,64.212.42.22
881,Carr,Brader,cbraderog@google.cn,Male,131.49.172.158
882,Chilton,Caris,ccarisoh@bbc.co.uk,Male,1.8.49.28
883,Fredelia,Illem,fillemoi@miitbeian.gov.cn,Genderqueer,244.162.198.121
884,Albie,Paris,aparisoj@geocities.com,Male,92.236.28.23
885,Phil,Drohan,pdrohanok@behance.net,Female,12.182.237.160
886,Tucky,Brosini,tbrosiniol@bloglovin.com,Genderfluid,234.148.246.143
887,Angelika,Houtbie,ahoutbieom@unesco.org,Female,88.223.182.200
888,Dolores,Adamolli,dadamollion@about.me,Female,141.151.126.214
889,Euell,Gerling,egerlingoo@hexun.com,Male,88.176.206.21
890,Sinclare,Sigert,ssigertop@seattletimes.com,Male,141.23.90.252
891,Erinna,Haughian,ehaughianoq@vimeo.com,Female,241.216.129.86
892,Berget,Burney,bburneyor@miitbeian.gov.cn,Female,251.50.214.174
893,Bertha,Skough,bskoughos@ocn.ne.jp,Female,199.131.8.245
894,Rorke,Alelsandrowicz,ralelsandrowiczot@trellian.com,Male,195.1.112.8
895,Benoit,Featonby,bfeatonbyou@usda.gov,Male,171.131.88.103
896,Floria,Lambertz,flambertzov@google.nl,Female,190.46.22.98
897,Gwendolyn,Stolworthy,gstolworthyow@parallels.com,Female,217.244.64.36
898,Felicio,Fontin,ffontinox@nba.com,Male,96.144.211.1
899,Nevsa,Runacres,nrunacresoy@yelp.com,Genderqueer,38.197.97.239
900,Elvira,Entwhistle,eentwhistleoz@google.com.br,Female,118.103.68.82
901,Alfie,Bennetto,abennettop0@go.com,Male,180.75.135.165
902,Con,Glassard,cglassardp1@slate.com,Male,250.62.76.190
903,Haleigh,Harp,hharpp2@thetimes.co.uk,Male,212.130.94.99
904,Theobald,Quilkin,tquilkinp3@github.io,Male,115.157.163.103
905,Grover,Blazeby,gblazebyp4@gnu.org,Male,63.148.146.235
906,Ariel,Slopier,aslopierp5@ow.ly,Female,171.8.150.130
907,Dore,Paal,dpaalp6@creativecommons.org,Male,199.143.4.156
908,Reamonn,Fausset,rfaussetp7@opera.com,Male,82.164.23.158
909,Gwynne,Suthworth,gsuthworthp8@state.tx.us,Female,17.152.242.247
910,Nicol,Briggs,nbriggsp9@simplemachines.org,Male,209.100.99.181
911,Baxter,Himpson,bhimpsonpa@yolasite.com,Male,58.102.213.42
912,Durant,Luke,dlukepb@hhs.gov,Male,76.18.138.5
913,Nikolai,MacKimmie,nmackimmiepc@scientificamerican.com,Male,190.90.244.80
914,Del,Kivlin,dkivlinpd@sakura.ne.jp,Male,53.197.196.138
915,Connie,Curme,ccurmepe@cornell.edu,Female,147.214.159.64
916,Evanne,Coultas,ecoultaspf@sakura.ne.jp,Female,101.135.71.217
917,Rosaleen,Lob,rlobpg@bizjournals.com,Female,231.8.35.171
918,Holden,Landor,hlandorph@php.net,Male,236.100.139.35
919,Erminie,Lavielle,elaviellepi@squarespace.com,Female,163.44.160.230
920,Harmonie,Rapi,hrapipj@opensource.org,Female,240.95.88.225
921,Tom,Christley,tchristleypk@geocities.com,Genderqueer,65.224.154.85
922,Moses,Fincke,mfinckepl@discovery.com,Male,40.81.80.214
923,Charmine,Cowin,ccowinpm@delicious.com,Female,99.147.61.180
924,Alis,Degoix,adegoixpn@scribd.com,Female,193.37.196.8
925,Johannah,Ludlom,jludlompo@amazon.de,Female,63.238.226.95
926,Etta,Middis,emiddispp@unesco.org,Bigender,177.232.52.37
927,Marlee,Waliszewski,mwaliszewskipq@ehow.com,Female,59.92.169.159
928,Pietra,Markushkin,pmarkushkinpr@tiny.cc,Genderqueer,203.180.76.44
929,Maurice,Welton,mweltonps@123-reg.co.uk,Bigender,238.181.190.114
930,Sarita,Laurentin,slaurentinpt@wisc.edu,Female,128.38.174.39
931,Helen,Worpole,hworpolepu@nationalgeographic.com,Female,60.154.238.150
932,Nappie,Andreucci,nandreuccipv@msn.com,Male,48.117.100.80
933,Ricky,Backson,rbacksonpw@statcounter.com,Female,205.77.244.87
934,Maxwell,Besnardeau,mbesnardeaupx@youtube.com,Male,118.132.12.114
935,Hyacinthie,Bakes,hbakespy@dailymail.co.uk,Female,239.93.67.135
936,Noell,Castro,ncastropz@ucoz.ru,Female,102.94.28.66
937,Carola,LaBastida,clabastidaq0@fastcompany.com,Female,2.211.84.103
938,Deeanne,Atcock,datcockq1@nytimes.com,Female,3.78.171.120
939,Jacqueline,Dengate,jdengateq2@imgur.com,Female,126.131.139.68
940,Haydon,Burtonshaw,hburtonshawq3@marriott.com,Male,29.90.128.161
941,Ram,Bramer,rbramerq4@cdbaby.com,Male,147.138.109.142
942,Gaby,Casperri,gcasperriq5@oakley.com,Male,146.20.27.119
943,Lethia,Lillyman,llillymanq6@google.it,Female,78.177.228.241
944,Omar,Latliff,olatliffq7@php.net,Bigender,83.94.236.132
945,Ellissa,Huggan,ehugganq8@cafepress.com,Female,22.184.96.93
946,Shellie,Piatkow,spiatkowq9@mediafire.com,Non-binary,134.12.131.62
947,Jamaal,Ebhardt,jebhardtqa@squarespace.com,Male,239.218.171.180
948,Gaspar,Wyllcocks,gwyllcocksqb@i2i.jp,Male,18.20.50.138
949,Alfreda,Girk,agirkqc@army.mil,Female,37.91.48.241
950,Ingrim,Beavis,ibeavisqd@timesonline.co.uk,Male,167.235.204.147
951,Danya,Walasik,dwalasikqe@go.com,Female,32.149.28.97
952,Wilbert,Swinburne,wswinburneqf@netvibes.com,Male,44.142.140.96
953,Dione,Playfair,dplayfairqg@hc360.com,Female,115.120.142.48
954,Courtnay,Cadlock,ccadlockqh@guardian.co.uk,Male,184.5.77.11
955,Claiborn,Habbershon,chabbershonqi@furl.net,Male,194.79.23.147
956,Boote,Keyse,bkeyseqj@biglobe.ne.jp,Male,55.196.199.38
957,Way,Lowin,wlowinqk@deliciousdays.com,Male,127.130.254.0
958,Abrahan,Vasyuchov,avasyuchovql@cbc.ca,Male,12.37.206.252
959,Roderick,Ierland,rierlandqm@flickr.com,Non-binary,234.178.42.231
960,Rory,Bonefant,rbonefantqn@themeforest.net,Male,42.109.162.111
961,Gardy,Scrivens,gscrivensqo@upenn.edu,Genderqueer,95.38.74.142
962,Cherilyn,Batson,cbatsonqp@angelfire.com,Female,142.38.7.173
963,Grannie,Duval,gduvalqq@senate.gov,Male,195.209.127.49
964,Palmer,Heindrick,pheindrickqr@whitehouse.gov,Male,244.254.225.211
965,Leonhard,Iverson,liversonqs@blogger.com,Male,188.48.231.146
966,Dale,Coon,dcoonqt@163.com,Female,135.44.213.165
967,Kendell,Czadla,kczadlaqu@dagondesign.com,Male,255.235.57.157
968,Felix,Mauger,fmaugerqv@weather.com,Male,229.234.162.233
969,Natasha,Baynom,nbaynomqw@auda.org.au,Female,51.44.20.179
970,Wilow,Fishburn,wfishburnqx@tripod.com,Female,227.196.164.55
971,Rhetta,Napleton,rnapletonqy@bloomberg.com,Female,216.229.1.211
972,Clement,Lye,clyeqz@gravatar.com,Male,27.65.102.120
973,Sigismund,Vian,svianr0@about.me,Male,12.212.213.79
974,Fitz,Masterman,fmastermanr1@independent.co.uk,Male,144.141.99.139
975,Nefen,Hoble,nhobler2@berkeley.edu,Male,223.7.67.73
976,Cristine,Fasset,cfassetr3@angelfire.com,Female,135.162.80.147
977,Cassie,Moorcraft,cmoorcraftr4@cloudflare.com,Bigender,47.20.151.109
978,Shelbi,Ruvel,sruvelr5@hubpages.com,Female,50.23.208.225
979,Sergent,Calcut,scalcutr6@utexas.edu,Male,96.76.40.192
980,Brion,Tunbridge,btunbridger7@mapquest.com,Male,24.124.189.86
981,Nolan,Decroix,ndecroixr8@surveymonkey.com,Agender,72.31.65.162
982,Heindrick,Ponde,hponder9@ebay.com,Male,82.142.233.239
983,Tasha,Kaygill,tkaygillra@shinystat.com,Female,99.49.3.31
984,Talia,Hannen,thannenrb@dagondesign.com,Female,217.110.7.143
985,Bliss,Farman,bfarmanrc@wired.com,Female,1.98.148.53
986,Dolf,Martinet,dmartinetrd@elpais.com,Male,244.242.124.149
987,Neille,Shortan,nshortanre@reverbnation.com,Female,13.57.182.255
988,Saundra,Rickword,srickwordrf@tinypic.com,Male,94.24.74.44
989,Cheston,Waymont,cwaymontrg@imdb.com,Male,84.231.24.139
990,Elka,Lindop,elindoprh@timesonline.co.uk,Female,165.182.92.202
991,Andre,Redding,areddingri@tmall.com,Male,40.251.165.33
992,Gabriello,Taberer,gtabererrj@google.fr,Polygender,11.10.116.232
993,Rowney,Huddart,rhuddartrk@cyberchimps.com,Male,149.149.188.42
994,Royall,Pagnin,rpagninrl@toplist.cz,Male,247.112.239.61
995,Mella,Napoleon,mnapoleonrm@sbwire.com,Female,96.221.69.199
996,Yasmeen,Labrom,ylabromrn@hubpages.com,Female,93.197.66.202
997,Daveta,Cymper,dcymperro@arizona.edu,Non-binary,236.100.236.172
998,Gordan,McEntegart,gmcentegartrp@opera.com,Male,119.126.48.81
999,Meryl,Layton,mlaytonrq@edublogs.org,Female,10.14.53.35
1000,Rafaellle,Stolle,rstollerr@redcross.org,Male,23.44.65.151
